path	decodedBytes	sha256
app.manifest	94	dbbc4a0916fd88eaf331825fe46496be02052d12c94205c6555243ad235ca163
config/classes.json	100	3794d26acb3d5ce6be514a98e4aa260c0b58717c0c31c92f2a5171699db24219
config/device.json	28	42074543cf04bf8c2aa58129354969394e3e25deaf1f31ebe6656920fb76e2f6
config/models.json	3544	8bb7d42f0e899ea612b08bff7dd9cd5779effa7f6911c7225b89d2a29ee25d84
config/modules.json	3519	7443b53ece521ec66172f52524dec96c0c1ceb95a9bcdf0724c39ad3c4a56c02
config/navigator.ap.json	1484	0bb018c655a9af1e855a52ca91916401181fdc53a4cc2a6e344bf839df4bec5a
config/navigator.json	1333	2b50f94d27bd9e56670b82e52d71c9fb03695649b6e433300fc9a649abc2183c
config/navigator.re.json	1766	98d0d8e2fc302c46d2ea7d35c608c1c7ab15cf5d62d0ea0018d272d11913f2df
config/navigator.singleband.json	1824	2cdb54d1cb9a385970187ea2bf0bfb751585f3a02d854fd79ca9e6320e3dd48f
error.html	2364	329e4a37d4e8df4c64e12f2ecc8129c122c45ec84e4c281f2d594ed04123631c
favicon.ico	4286	ccbe82f2728d077626c836cd7048c6628238675179e2fd66fb56853763322446
index.html	2279	bd1a070ecf8646dc67f7715a48f70a0c16ac80d084529723900344e0efa3ad4f
js/app/url.js	604	4cd260f4b7c9b72781d66a73a6ad1db0c47919a9e3974113c43a413583321ca6
js/libs/a11y.js	5329	dae2dcb87f50cddd611952aaf4aa4741f57dcdae4df8c345d5394970f9fb84b0
js/libs/focus-trap.min.js	32065	cd88c5b79b0a37394e307d8e4f217c1827de99349df36e6e62f37cea7d69644e
js/libs/html2canvas.min.js	56486	210cc19c1b3c77ed29861c1e937b8f2191bf4835297cbc39cbdf3c5b9c132121
js/libs/jquery.min.js	144453	f58924ab7515a2ce4ce6de4fe558137c749cec2faf8eb92fbb51824d725660a1
js/libs/jquery.qrcode.min.js	21522	1db1c0d1a5e82821121fe678cd1b0cdd0ad8e2b9a7c9a65d5ddb56608e731ecf
js/libs/mousetrap.min.js	4996	5660ac077abf6cdef8f940c83c2b1f61766405b1b2cb7543c521c4c1aea745e8
js/libs/perfect-scrollbar.min.js	18210	3a4d623b647641573e0612d470181b42f311fa070639c19d101fc24e4492f760
js/libs/respond.min.js	9072	3b557b4849d0fcf89077019b853c9bac6b7a8420b8be19d633ffb81586577423
js/libs/tabbable.min.js	4719	320459e98e6571e396c6610e2c695a6c34875c6a8eca9e54120b267c730daba9
js/su/frame.js	57671	d33f708747f5c7141fe162dc44c7c2902264c06ba41e14605665ed88b1f9d057
js/su/language.js	1832	afe37c4355b921ee43c3a2e291e2cb811faed27742ff7287017180504732ee7c
js/su/su.fun.js	102484	f3185144def26caf4590c81e3e34e3d175795dcedacba89a6201b7e72485486c
js/su/widget/widget.mobile.js	4852	8596faf162fec3111ffab91ad3d3d77cc619f5607d07af63ad8314beeda1bffe
js/su/widget.form.js	152026	3661530a74c11629e9d5b498899bd7de85f6f4f46616299a3ca0063825f53f2f
js/su/widget.other.js	147277	9f087338a75e0a8ba7e352a4de647c9b5d4e5f3398287b1624cf5a8ae1cf9eb2
locale/de_DE/lan.css	173	6c9f020a369af32f23ff222dd3fa349c4893ceb9201178506a1a6e71be35e92e
locale/de_DE/lan.js	36545	fb215c3b5dcb67180ebae2b896e4879ab4581a866ba555424e6952a6a5b47a40
locale/en_US/lan.bac.js	36284	ac8ea6bfc6749eb96373459cc744bc946ca5638ee53efa9059d8eb237f1a244b
locale/en_US/lan.css	0	e3b0c44298fc1c149afbf4c8996fb92427ae41e4649b934ca495991b7852b855
locale/en_US/lan.js	31932	4333248b6f8b422719ceb09f1fcee61d644f2c3818be684378205e7b1a7be875
locale/es_ES/lan.css	100	5867973cc73b362ed61f794e565a5bff4c891e5d0889657e6fba7fc65e5883b0
locale/es_ES/lan.js	35715	47a133d7068e9a7858aea1a0bebab96ece482302154bb12cff3e57cc5969ec65
locale/es_MX/lan.css	174	029812a9f864d5872a2b3179b5e60a449afae8c2cd97b78acf80409124b8e24f
locale/es_MX/lan.js	35865	3ca2306d9f50bc97983f2f83ff2a00149eaa22a11d093293ab91f0d539a71ec2
locale/fr_FR/lan.css	0	e3b0c44298fc1c149afbf4c8996fb92427ae41e4649b934ca495991b7852b855
locale/fr_FR/lan.js	36444	d30c69ac032b2ed852c16b6be2d340eb00e8ad5df38bf2163faf8bf61c7b80d5
locale/it_IT/lan.css	0	e3b0c44298fc1c149afbf4c8996fb92427ae41e4649b934ca495991b7852b855
locale/it_IT/lan.js	34245	b621f80d400d2afb96d8d5a364632715817fdd36d5d674c4471644a405876231
locale/ja_JP/lan.css	277	327d42b4c1be2fff16f31b7ec2e4de7f4dedd47d4ffb18d8c27283e49796d694
locale/ja_JP/lan.js	41787	16250a349a7c2bccbaa390a8de46cff915027c3a4780e66619bd88fae069e85b
locale/ko_KR/lan.css	0	e3b0c44298fc1c149afbf4c8996fb92427ae41e4649b934ca495991b7852b855
locale/ko_KR/lan.js	37256	9f3125be982ddfbeb7c3c280ae26f6022c27d5cde1ecf0f138f0f2fbb7fe888e
locale/language.js	1557	baaad2a89702c4aed66593b4f87a84b8a26c8815bd9356510dde401d7b8e995f
locale/nl_NL/lan.css	475	11b2a917b0cf4d791b8014a36297d35293d9a7625f3150e86143d25c86da5f8c
locale/nl_NL/lan.js	33628	3d50813f4c3391e34bfd8a4b6516474089915832e1f93ab72530fd9462ee91fd
locale/pt_BR/lan.css	72	360d1da3e40f2bde7659b508d018e9a68ecc790ab6bcca04b8b79868dd9b9148
locale/pt_BR/lan.js	34980	cb2ca54e4b43fcc2cd7f9af40ab597a5d298219decd991167d301aedb760f976
locale/pt_PT/lan.css	0	e3b0c44298fc1c149afbf4c8996fb92427ae41e4649b934ca495991b7852b855
locale/pt_PT/lan.js	35607	91d29a03a9acd10faf63c606ff18e63510371c1ab8cb3d8e85bc85d5a21b0cea
locale/ru_RU/lan.css	178	21781658b8d77ae9dd836fc0005d98502fcf95b58301392723c0fcbda0bfa54c
locale/ru_RU/lan.js	51119	eec0d9036aafdc59c0789f0ac79a8416d0204182de0ba08fa6fe651bc9463afb
locale/zh_TW/lan.css	0	e3b0c44298fc1c149afbf4c8996fb92427ae41e4649b934ca495991b7852b855
locale/zh_TW/lan.js	29942	38946a8f7a4fac29c624626b878291a116117555f6bb1af8ca747923432d1fd3
models/commonModels.js	1445	3c285218a2b33f88952cd8cc40a82cc2928efbb4351595fd695bd439a52f101b
modules/advanced/network/lanAdv/script.js	5755	cd6c49e0851a3e1c1d1f6853244c85c6c73335413877c9681c11ecb575b06f18
modules/advanced/network/lanAdv/view.html	1270	7d50c01278a2a1efeb01e6cb62e057211eda8a282b6063d66235f71e14bae3dd
modules/advanced/system/a11y/controllers.js	713	c030f881c20bfd1bb94087ed4bfdc9c4290a65cedaf9db54184703d33f83d47d
modules/advanced/system/a11y/models.js	126	7166aa1053b6ea1c3b7343c2c23f9f4bf86630dc19f2785561e7321bbeaed43a
modules/advanced/system/a11y/view.html	465	20b5d8769ab21b4bbc7ba80e7a313ca01375f034f46331a90c54ece1f5572150
modules/advanced/system/changeLoginPassword/controllers.js	682	8c693dd995c57f1bbef685d593c6ad12d7afc3f77296279f65644f26d8eeab5a
modules/advanced/system/changeLoginPassword/models.js	1017	d864034d08fe25baec2dddea10de6aee2232bb45cad6950e98122352620a8caf
modules/advanced/system/changeLoginPassword/view.html	1044	e044895af54f960ba1f8e4a060e7031d64277141393e2766472eb2e0748f1be6
modules/advanced/system/firmware/controllers.js	2058	c8668b28cea9eee3f355018ecc2038f1a792d7b48933cfe7f2b6f17d2432c8b0
modules/advanced/system/firmware/models.js	313	3ea6cf7e57b315d9b5ca02ac0013a0cd6993644d2c22c60076ca5aa0930656be
modules/advanced/system/firmware/view.html	1490	5331ba02c3394e83cab4d15fdca0819373c702734660cb80c0e39e09d887dafb
modules/advanced/system/led/controllers.js	2611	58b817ab0fe2ab96b7bbb47c46bbb550bdc894bc58fe4f2234b2d9c2d385f5f1
modules/advanced/system/led/controllers.js.old	3711	d32d2172f45808978711dab5c3ade97925e45454bf27009cf05ff09d83db3ae0
modules/advanced/system/led/models.js	1002	38d8e7247f1ecfed0705ae7057baf72bca9fb104086638bfc828226eda113825
modules/advanced/system/led/view.html	1192	321335551839768dc10b16d8bda921fee83c4884037eb49e801849b1270208f1
modules/advanced/system/reboot/controllers.js	3378	d2128d31d1809e58d98c9fbf031e4e3034f07343ebdce9c8b6423c9b4be5b871
modules/advanced/system/reboot/models.js	3406	5d2799a27c58c5aa0e08af3660dbad81504a98c10ea5f5c4fb098fce75a8dec8
modules/advanced/system/reboot/view.html	1293	0294165b58c537cee7623b5f415f1bc47afc06359ebc60a397dd2d2d416c48e7
modules/advanced/system/restore/controllers.js	907	b762b0d7e1936e53b6d69e9186e6a74bd94fd979c91f9eca2c33241a9c79d6ce
modules/advanced/system/restore/models.js	0	e3b0c44298fc1c149afbf4c8996fb92427ae41e4649b934ca495991b7852b855
modules/advanced/system/restore/view.html	1189	3ea8afbf72c4f4496f69ab2a53ffbf4982c4726eadf02dd5ec12051dc3b9132c
modules/advanced/system/timeSettings/controllers.js	6004	2855d061f22c34c6d56fe47597a386001097a58b98b2d75eaa047d4719b04fed
modules/advanced/system/timeSettings/models.js	6583	a596abd8ec693d162e0d2b4feb362f516fe95a916d6c044260bd571b92fb62a4
modules/advanced/system/timeSettings/view.html	3795	e37fa1fd6f58a3a24ee40cc84c6f2fde8776767ac2b5227e30ae4f385e54fc36
modules/index/script.js	18885	385faddcce1083ecc79f6793765f4f5fb63835c74750bd0eee620097250a0be8
modules/index/view.html	3876	3e43cd2edc2aba69668056527f683182dfeb2943ebaf6529cbe5e635a324d12e
modules/login/controllers.js	1989	8b6efe066689634957e21fff683f26e50b9a76f4d03160b989ace00421e18fc5
modules/login/localLogin/controllers.js	2425	82cde86140e744718431bfa0ace80d4fa7a11d89c6f0a89edc76a4c62d959656
modules/login/localLogin/models.js	344	64541493829137718d35ec428e1769b6a9f4cc6da8a2a7662d8b859f856010bf
modules/login/localLogin/view.html	908	3ce91540fc967d9d4afd7453c4563cd558cabe1f9b15e476321b7449908927d3
modules/login/localPwdRecovery/controllers.js	718	cfc5442ebde29f7b10ca7e1065e858ec2df91de59780312925861a654d9c84ae
modules/login/localPwdRecovery/models.js	890	96b8b914da09856457d29e100d090cca56adf75f959604f8083dc121a34156e7
modules/login/localPwdRecovery/view.html	722	3416241a40d4b03235b6e9caa4e58c1ab49efcdda5d7c56aec13e8b0f3f3ea28
modules/login/models.js	192	2a17f7420661e272ac19474674da394e81f6ade6ce9448a5ebc63745999240ec
modules/login/view.html	1821	f7c6cbf2fc07b87d8dce32ecae9c68e951106487372e762a77cf32dd2f92f3ca
modules/main/main.html	3067	37d09a87bc267ba1e800386cb6ba8447cc758978580700e845958e7c8982b56f
modules/main/main.js	4070	0100f12f4ef7538e8f67f4aa4a91fef72050eef73251ceb4569fa86fec12e7e0
modules/main/models.js	510	6890965b4ff98a75593045703e255c86f5404b7e8f964b4eef301138550db12d
modules/networkMap/controllers.js	2411	c04855910e3a39e7c4f04ff86d1aafdd7f4a5141d8414987c587dbd337d613ef
modules/networkMap/mapInternet/controllers.js	3259	194096e9c76046456bc77e7f87426bd20dced1f1c7e1c6e0e17d6fbb56702d07
modules/networkMap/mapInternet/models.js	764	f03907eac7498f9be02ad62a79fb9690908786c08e123b60f081ab0dfdde3e57
modules/networkMap/mapInternet/view.html	890	262c5c35a4e4276612d0caeda96c223f06759f71862501cbce7b73032641d7df
modules/networkMap/mapRepeater/controllers.js	969	dcbd65fd2bbf66f6f247830640355b2ec438dfe22552e0af97ab6cd30d415f67
modules/networkMap/mapRepeater/models.js	1477	18640e8855486243680a9cfa55fb4b44435812f54c0c1ac459d0fe67f92d97b2
modules/networkMap/mapRepeater/view.html	2137	54005edf7c630fde1c6fcc666905a6e4b452458ccde87df9f8d3ee517b183c29
modules/networkMap/models.js	7	641991d00eeb0d50ac64f69ca705f8bdc72cb725a60c8d7f7ef5191cefd5a455
modules/networkMap/view.html	1567	cd554339530584b01fd83ff3f30109fe241e0b75a56fb820f4516ae4a994a42c
modules/powerLine/compatibilityMode/controllers.js	2934	de90b9913a6c5497bb7ccf4981b0cb2ddb051daebc7c8b137a5a14182e1fc4ac
modules/powerLine/compatibilityMode/models.js	1483	ee08d3cc7d139a119b8d99f96bfaa6f5502a53f2ea2c5148507e52a0830e89e3
modules/powerLine/compatibilityMode/view.html	1670	4d95408e64977c1c6a88d8cd0f280a65829cf255a248862bc82ec0d9ad2d7062
modules/powerLine/powerLineSetting/controllers.js	1291	4366e4ce6de9693c09d7200cb7134f1edf125eb171a51ba463b726ea74bf498e
modules/powerLine/powerLineSetting/models.js	718	b38582c4b65236f780a9fdd8b19a2b3dc3cb3701ccaa5117863a7a4c0c50b5e0
modules/powerLine/powerLineSetting/view.html	1329	4dbddf9f6dc3cc96cdb4eeb75501d3865a2a67c55227030c6a1760fdf7d97be8
modules/powerLine/powerSavingMode/controllers.js	633	754ebdc37c84f45cd6a17f06f2c829a6e653a72ee1d5c9f5ac7425562110e1d2
modules/powerLine/powerSavingMode/models.js	182	7095d611380a9614f023dead4b923a834fa865630658365a7a53e664e0c5267d
modules/powerLine/powerSavingMode/view.html	958	73d38b59201bed2f7a74337eaf58f54a765396c7d5616fad20ea62437cba9169
modules/powerLine/softPair/controllers.js	1652	a293dcb8b10fa0c8e04faa70114065e0548205e2c8a63ff2ca494bace7a84e42
modules/powerLine/softPair/models.js	7	641991d00eeb0d50ac64f69ca705f8bdc72cb725a60c8d7f7ef5191cefd5a455
modules/powerLine/softPair/view.html	1482	5a09cd3f006e4f609b04c2c00f1616bab50817018d21e1943e1ea97024e48c54
modules/qos/controllers.js	691	e5383b3b84e5d79d3cf68b80b4053e56652fe4c7389f1529ca0f86afc042e980
modules/qos/models.js	513	3325461bca0b83e37fed4150e90a02331540760f708a3915d14d83703b302f28
modules/qos/view.html	265	b35134c71796ef177a53acfbe36296dd289411027958e062091b9bf8a8c9fb52
modules/utils/controllers.js	2356	9e13aa293fc51fd53d150a75b2af28a70e72fb5d50bfa9287f8bcd2d7762d130
themes/default/css/base.css	160662	c08076455236511e19147bfda97a7593bb7a21503b0d42c490a22cbe175bae82
themes/default/css/mobile.css	46317	11493c38345919b2df91a5eaf240b3c08da3ae470939be817dca5d5c3adbbd2f
themes/default/css/perfect-scrollbar.css	1986	f5290b91d581c189630a40073e2497e3f1082f33fe85f57546b491e42bbf4c6f
themes/default/css/total.css	81710	f581e59b0704d51dd7d9ebef768e7f0c36913e7ec823c33c9302d9f55900fcbe
themes/default/css/total.ie8.css	41477	18c5b9b92ab38935958dcaa5c758ae88463b76057dad5678f685ae59ecce4c9c
themes/default/img/favicon.ico	4286	ccbe82f2728d077626c836cd7048c6628238675179e2fd66fb56853763322446
themes/default/img/splash.png	23872	7b41601d3d9558724ac5bdf2220bd9252221b0387f267937b6704a550febe79f
themes/default/img/spriteImages/png/sprite.png	168751	59219b8a9cea17970d95e4cd617a0da0cba877cb5ba7fb49f9503dabf80aaa6a
themes/default/img/svg/a11y-white.svg	889	40ecf8a603637e854d5cb5880fcaf028236fdbab269dc7fb429b2fd931dde0f8
themes/default/img/svg/a11y.svg	824	ca3e7d4cfce273b8f03c997488a8828cb227de570436d9c62d19c03c92be5cbd
themes/default/img/svg/caret-down-filled.svg	130	bf81e18b87c3751d8eb7c59b991a386e31ba7e40f6c702661feeb76acd1f6c33
themes/default/img/svg/checked2-filled.svg	479	6edfbad69d835cca34a71ae5e6a78e52ddddc45d56d0718aa5e62f0fd64c83ec
themes/default/img/svg/enable-not-selected-default.svg	151	b57de245ab1e27ec70100dfcc6e0ded313dfdde62ac80be26321b40a058fa9ee
themes/default/img/svg/enable-selected-default.svg	369	f1c99489731a3c33c46c2f0490f7ea4a56af9b6207fc8a5983d7d2ad88ca3b04
themes/default/img/svg/information-default.svg	430	2d6066719805435f454e8a501e859c2f24c569e285d3f8d161a675e8c6985b9f
themes/default/img/svg/loading-animate-outlined.svg	523	954652d54a675e1d634927801727cc4f9ec84efc9b8dc29eb4a4a7d8b91e1356
themes/default/img/svg/loading-animate-primary.svg	529	031d7c6c51487be2aa562802f420ae232e59198ba7e4b5c785e34151d4ce032b
themes/default/img/svg/picture-outlined.svg	505	bd3c11476699d5e8683b6a019259639234069cd1e1b3cd9441a6677c47c2e6d5
themes/default/img/svg/port-disabled-contrast-default.svg	238	bdcba57a803bd95a27816c4bba42c592960a0c03542e2d9b4ddb24c97abd8e6f
themes/default/img/svg/question-filled.svg	657	9016ad0667570bd2cc2daaa811b07d834bdc41de6c297deea5f5feb88424fa76
themes/default/img/svg/support.svg	538	3a562e3069daba129d69fd2a9a29be3b7d6b88e6a48e27e9e513978868dff0e0
themes/default/img/svg/upgrade.svg	437	ee92b4f0d4ab6cf93025e74e819d52482d977e91f3d09cd37fd3a3b119fea0ed
